scenario,experiment_id,sprint_id,team_size,num_tasks,effective_backlog_quality,effective_handoff_quality,effective_meeting_fatigue,effective_morale,event_count,completed_tasks,incomplete_tasks,blocked_events,blocked_days,rework_events,avg_cycle_time_completed_only,avg_lead_time_completed_only,flow_efficiency,capacity_utilization
JLR-4D adaptado,9.5,5.5,5.836979166666667,41.25,0.7815998263888889,0.77,0.13045572916666667,0.7162798611111111,0.5566319444444444,11.613125,29.636875,5.0260590277777775,8.182708333333334,7.74234375,3.7447994107066456,5.074056812053159,0.8901869166310854,0.9999336269637037
JLR-4D sin adaptación,9.5,5.5,5.819756944444444,41.25,0.7820140625,0.77,0.1309376736111111,0.7119647569444444,0.6699131944444444,7.277222222222222,33.97277777777778,8.907152777777778,23.25986111111111,11.586875,3.7361301127106277,4.728593721076004,0.8345169158635575,0.9998624751984128
Scrum 5 días,9.5,5.5,5.8421875,41.25,0.7816954861111112,0.77,0.13030173611111112,0.7171859375,0.5537326388888889,14.476475694444444,26.773524305555554,3.9944618055555554,6.607135416666667,5.838229166666666,3.463154089373303,5.256363688111641,0.9130639678165675,0.9998291335978836
